nom_sample;dent;hauteur_sample;d13CVPDB_COR;d13C/12C_SD;d18OVPD_COR;d18O/16O _SD;d18Ovsmow;predicted_phosphate_Iacumin1996;;;;;;;;;;;;;;;;;
R-6822_M1/2 1;M1/2;64,6;-10,837875;0,018;-3,7985;0,018;26,99408837;17,9542066;;;;;;;;;;;;;;;;;
R-6822_M1/2 2;M1/2;60,88;-10,753875;0,01;-4,3425;0,02;26,43327333;17,40460786;;;;;;;;;;;;;;;;;
R-6822_M1/2 3;M1/2;56,55;-10,599875;0,02;-4,8725;0,026;25,88689103;16,8691532;;;;;;;;;;;;;;;;;
R-6822_M1/2 4;M1/2;53,55;-10,545875;0,007;-5,1325;0,025;25,61885443;16,60647734;;;;;;;;;;;;;;;;;
R-6822_M1/2 5;M1/2;49,24;-10,648875;0,019;-4,7585;0,026;26,00441477;16,98432647;;;;;;;;;;;;;;;;;
R-6822_M1/2 6;M1/2;46,2;-10,767875;0,014;-4,3875;0,024;26,38688238;17,35914473;;;;;;;;;;;;;;;;;
R-6822_M1/2 7;M1/2;42,61;-10,876875;0,014;-4,3025;0,034;26,47450973;17,44501953;;;;;;;;;;;;;;;;;
R-6822_M1/2 8;M1/2;38,18;-11,000875;0,009;-4,2045;0,026;26,57553891;17,54402813;;;;;;;;;;;;;;;;;
R-6822_M1/2 9;M1/2;34,2;-11,026875;0,011;-3,8745;0,029;26,91573921;17,87742442;;;;;;;;;;;;;;;;;
R-6822_M1/2 10;M1/2;30,24;-11,032875;0,013;-4,0015;0,022;26,78481364;17,74911736;;;;;;;;;;;;;;;;;
R-6822_M1/2 11;M1/2;25,31;-11,211875;0,021;-4,2195;0,013;26,56007526;17,52887375;;;;;;;;;;;;;;;;;
R-6822_M1/2 12;M1/2;21,29;-11,140875;0,032;-4,6835;0,027;26,08173302;17,06009835;;;;;;;;;;;;;;;;;
R-6822_M1/2 13;M1/2;17,44;-11,222875;0,019;-5,3775;0,027;25,36628148;16,35895585;;;;;;;;;;;;;;;;;
R-6822_M1/2 14;M1/2;13,95;-11,121875;0,008;-5,9215;0,025;24,80546644;15,80935711;;;;;;;;;;;;;;;;;
R-6822_M1/2 15;M1/2;10,48;-10,989875;0,024;-5,8425;0,053;24,88690833;15,88917016;;;;;;;;;;;;;;;;;
R-6822_M1/2 16;M1/2;7,01;-11,007875;0,014;-5,5015;0,019;25,23844864;16,23367966;;;;;;;;;;;;;;;;;
R-7734_M3 1;M3;61,32;-10,75725;0,014;-5,3465;0,022;25,39823969;16,39027489;;;;;;;;;;;;;;;;;
R-7734_M3 2;M3;58,34;-10,93625;0,015;-4,7705;0,017;25,99204385;16,97220297;;;;;;;;;;;;;;;;;
R-7734_M3 3;M3;54,57;-11,07325;0,018;-4,6325;0,024;26,13430943;17,11162324;;;;;;;;;;;;;;;;;
R-7734_M3 4;M3;53,01;-11,20525;0,015;-4,4115;0,021;26,36214054;17,33489772;;;;;;;;;;;;;;;;;
R-7734_M3 5;M3;49,34;-11,32925;0,018;-4,0175;0,025;26,76831908;17,73295269;;;;;;;;;;;;;;;;;
R-7734_M3 6;M3;47,08;-11,11125;0,022;-3,9065;0,021;26,88275009;17,84509508;;;;;;;;;;;;;;;;;
R-7734_M3 7;M3;44,77;-11,16125;0,018;-3,7715;0,033;27,02192294;17,98148448;;;;;;;;;;;;;;;;;
R-7734_M3 8;M3;41,93;-11,18025;0,017;-4,3055;0,022;26,471417;17,44198866;;;;;;;;;;;;;;;;;
R-7734_M3 9;M3;38,02;-10,97725;0,011;-4,5905;0,016;26,17760765;17,15405549;;;;;;;;;;;;;;;;;
R-7734_M3 10;M3;35,41;-10,93325;0,016;-4,9205;0,005;25,83740735;16,8206592;;;;;;;;;;;;;;;;;
R-7734_M3 11bis;M3;31,79;-10,74525;0,021;-4,8555;0,02;25,9044165;16,88632817;;;;;;;;;;;;;;;;;
R-7734_M3 12;M3;27,18;-10,93825;0,012;-5,3965;0,016;25,34669419;16,3397603;;;;;;;;;;;;;;;;;
R-7734_M3 13;M3;25,18;-10,87425;0,009;-4,7335;0,019;26,03018752;17,00958376;;;;;;;;;;;;;;;;;
R-7734_M3 14;M3;20,75;-11,02325;0,017;-4,4525;0,018;26,31987323;17,29347576;;;;;;;;;;;;;;;;;
R-7734_M3 15;M3;17,1;-11,12725;0,016;-4,3395;0,03;26,43636606;17,40763873;;;;;;;;;;;;;;;;;
R-7734_M3 16;M3;14,28;-11,08825;0,026;-4,9525;0,034;25,80441823;16,78832986;;;;;;;;;;;;;;;;;
R-7734_M3 17;M3;10,81;-10,92625;0,013;-5,2315;0,034;25,51679434;16,50645845;;;;;;;;;;;;;;;;;
R-7734_M3 18;M3;7,35;-10,98625;0,011;-5,3795;0,028;25,36421966;16,35693526;;;;;;;;;;;;;;;;;
R-7734_M3 19;M3;4;-10,74525;0,012;-4,1465;0,021;26,63533169;17,60262505;;;;;;;;;;;;;;;;;
R_6292_M1/2 1;M1/2;70,13;-10,93;0,015;-5,541;0,028;25,19772769;16,19377314;;;;;;;;;;;;;;;;;
R_6292_M1/2 2;M1/2;66,27;-11,119;0,009;-5,054;0,039;25,69978086;16,68578524;;;;;;;;;;;;;;;;;
R_6292_M1/2 3;M1/2;61,74;-11,039;0,007;-4,25;0,026;26,5286325;17,49805985;;;;;;;;;;;;;;;;;
R_6292_M1/2 4;M1/2;57,78;-11,346;0,009;-3,925;0,027;26,86367825;17,82640469;;;;;;;;;;;;;;;;;
R_6292_M1/2 5;M1/2;53,61;-10,901;0,017;-3,673;0,022;27,12346757;18,08099822;;;;;;;;;;;;;;;;;
R_6292_M1/2 6;M1/2;50,05;-11,025;0,02;-3,681;0,023;27,11522029;18,07291588;;;;;;;;;;;;;;;;;
R_6292_M1/2 7;M1/2;46,52;-10,859;0,012;-4,219;0,012;26,56059071;17,5293789;;;;;;;;;;;;;;;;;
R_6292_M1/2 8;M1/2;42,56;-10,814;0,019;-4,701;0,021;26,06369209;17,04241825;;;;;;;;;;;;;;;;;
R_6292_M1/2 9;M1/2;39,42;-10,762;0,02;-4,764;0,022;25,99874476;16,97876986;;;;;;;;;;;;;;;;;
R_6292_M1/2 10;M1/2;35,18;-10,802;0,018;-5,341;0,027;25,40390969;16,3958315;;;;;;;;;;;;;;;;;
R_6292_M1/2 11;M1/2;31,04;-10,833;0,02;-4,713;0,026;26,05132117;17,03029475;;;;;;;;;;;;;;;;;
R_6292_M1/2 12;M1/2;27,76;-11,136;0,019;-4,721;0,033;26,04307389;17,02221241;;;;;;;;;;;;;;;;;
R_6292_M1/2 13;M1/2;23,95;-11,162;0,018;-4,149;0,02;26,63275441;17,60009932;;;;;;;;;;;;;;;;;
R_6292_M1/2 14;M1/2;20,52;-10,905;0,013;-4,485;0,034;26,28636865;17,26064128;;;;;;;;;;;;;;;;;
R_6292_M1/2 15;M1/2;16,66;-10,728;0,019;-4,983;0,015;25,77297547;16,75751596;;;;;;;;;;;;;;;;;
R_6292_M1/2 16;M1/2;12,27;-11,106;0,014;-4,045;0,013;26,73996905;17,70516967;;;;;;;;;;;;;;;;;
R_6292_M1/2 17;M1/2;9;-10,604;0,02;-4,88;0,015;25,8791592;16,86157602;;;;;;;;;;;;;;;;;
R_6292_M1/2 18;M1/2;5,28;-10,63;0,009;-3,723;0,008;27,07192207;18,03048363;;;;;;;;;;;;;;;;;
R_5378_P3/4 1;P3/4;61,4;-10,48028571;0,018;-5,726285714;0,027;25,00671479;16,0065805;;;;;;;;;;;;;;;;;
R_5378_P3/4 2;P3/4;58,24;-10,71728571;0,018;-5,050285714;0,023;25,70360995;16,68953776;;;;;;;;;;;;;;;;;
R_5378_P3/4 3;P3/4;54,57;-10,80728571;0,01;-5,079285714;0,018;25,67371356;16,66023929;;;;;;;;;;;;;;;;;
R_5378_P3/4 4;P3/4;51,18;-10,93828571;0,016;-4,613285714;0,014;26,15411762;17,13103527;;;;;;;;;;;;;;;;;
R_5378_P3/4 5;P3/4;47,28;-11,06828571;0,021;-4,107285714;0,032;26,67575808;17,64224292;;;;;;;;;;;;;;;;;
R_5378_P3/4 6;P3/4;43,73;-11,01128571;0,009;-3,977285714;0,015;26,80977638;17,77358086;;;;;;;;;;;;;;;;;
R_5378_P3/4 7;P3/4;40,06;-11,02728571;0,009;-4,212285714;0,016;26,56751253;17,53616228;;;;;;;;;;;;;;;;;
R_5378_P3/4 8;P3/4;36,34;-10,76428571;0,012;-4,975285714;0,029;25,7809282;16,76530964;;;;;;;;;;;;;;;;;
R_5378_P3/4 9;P3/4;32,79;-10,68428571;0,023;-4,884285714;0,021;25,87474101;16,85724619;;;;;;;;;;;;;;;;;
R_5378_P3/4 10;P3/4;29,69;-10,33228571;0,017;-5,379285714;0,017;25,36444056;16,35715175;;;;;;;;;;;;;;;;;
R_5378_P3/4 11;P3/4;25,79;-10,57628571;0,02;-4,973285714;0,018;25,78299002;16,76733022;;;;;;;;;;;;;;;;;
R_5378_P3/4 12;P3/4;22,57;-10,80228571;0,014;-4,461285714;0,023;26,31081594;17,28459963;;;;;;;;;;;;;;;;;
R_5378_P3/4 13;P3/4;19,11;-10,96228571;0,015;-4,089285714;0,027;26,69431446;17,66042818;;;;;;;;;;;;;;;;;
R_5378_P3/4 14;P3/4;15,54;-10,73728571;0,017;-3,956285714;0,021;26,83142549;17,79479698;;;;;;;;;;;;;;;;;
R_5378_P3/4 15;P3/4;12,15;-10,74428571;0,019;-4,400285714;0,023;26,37370145;17,34622743;;;;;;;;;;;;;;;;;
R_5378_P3/4 16;P3/4;8,96;-10,66728571;0,015;-3,391285714;0,026;27,41388964;18,36561185;;;;;;;;;;;;;;;;;
R_2367_M1/2 1;M1/2;63,51;-10,7735;0,024;-3,6959;0,03;27,09985973;18,05786254;;;;;;;;;;;;;;;;;
R_2367_M1/2 2;M1/2;59,55;-10,8025;0,014;-3,1539;0,018;27,65861295;18,60544069;;;;;;;;;;;;;;;;;
R_2367_M1/2 3;M1/2;55,57;-10,9495;0,016;-2,7609;0,014;28,06376058;19,00248537;;;;;;;;;;;;;;;;;
R_2367_M1/2 4;M1/2;51,71;-10,9805;0,017;-2,5659;0,015;28,26478803;19,19949227;;;;;;;;;;;;;;;;;
R_2367_M1/2 5;M1/2;48,32;-10,5845;0,017;-2,2959;0,028;28,54313373;19,47227106;;;;;;;;;;;;;;;;;
R_2367_M1/2 6;M1/2;44,14;-11,0435;0,017;-2,9679;0,031;27,85036221;18,79335497;;;;;;;;;;;;;;;;;
R_2367_M1/2 7;M1/2;40,49;-10,4815;0,014;-2,6289;0,018;28,1998407;19,13584389;;;;;;;;;;;;;;;;;
R_2367_M1/2 8;M1/2;36,26;-10,6505;0,019;-3,0429;0,037;27,77304396;18,71758308;;;;;;;;;;;;;;;;;
R_2367_M1/2 9;M1/2;31,77;-10,4665;0,015;-3,5589;0,022;27,2410944;18,19627251;;;;;;;;;;;;;;;;;
R_2367_M1/2 10;M1/2;27,46;-10,3445;0,012;-4,3429;0,025;26,43286096;17,40420374;;;;;;;;;;;;;;;;;
R_2367_M1/2 11;M1/2;23,28;-10,6255;0,026;-4,6459;0,013;26,12049523;17,09808533;;;;;;;;;;;;;;;;;
R_2367_M1/2 12;M1/2;19,59;-10,6185;0,012;-4,5179;0,043;26,25245171;17,22740268;;;;;;;;;;;;;;;;;
R_2367_M1/2 13;M1/2;15,6;-10,5625;0,011;-4,1139;0,029;26,66893935;17,63556056;;;;;;;;;;;;;;;;;
R_2367_M1/2 14;M1/2;11,43;-10,8215;0,017;-4,0529;0,032;26,73182486;17,69718836;;;;;;;;;;;;;;;;;
R_2367_M1/2 15;M1/2;7,67;-10,7375;0,021;-3,7639;0,027;27,02975785;17,98916269;;;;;;;;;;;;;;;;;
R_2367_M1/2 16;M1/2;4,4;-10,8825;0,015;-4,0049;0,034;26,78130854;17,74568237;;;;;;;;;;;;;;;;;
P_IV0_M101.12_M2 1;M2;65,03;-11,99525;0,018;-5,677625;0,027;25,05687961;16,05574202;;;;;;;;;;;;;;;;;
P_IV0_M101.12_M2 2;M2;61,36;-12,02725;0,014;-6,015625;0,015;24,70843203;15,71426339;;;;;;;;;;;;;;;;;
P_IV0_M101.12_M2 3;M2;57,5;-12,04625;0,017;-6,032625;0,012;24,69090656;15,69708843;;;;;;;;;;;;;;;;;
P_IV0_M101.12_M2 4;M2;53,64;-11,91025;0,013;-7,248625;0,015;23,43732;14,4685736;;;;;;;;;;;;;;;;;
P_IV0_M101.12_M2 5;M2;49,55;-11,91125;0,009;-6,997625;0,023;23,69607841;14,72215684;;;;;;;;;;;;;;;;;
P_IV0_M101.12_M2 6;M2;45,76;-12,13125;0,007;-7,126625;0,026;23,56309102;14,5918292;;;;;;;;;;;;;;;;;
P_IV0_M101.12_M2 7;M2;41,86;-12,19125;0,014;-6,317625;0,018;24,39709721;15,40915527;;;;;;;;;;;;;;;;;
P_IV0_M101.12_M2 8;M2;37,8;-12,23625;0,009;-6,332625;0,018;24,38163356;15,39400089;;;;;;;;;;;;;;;;;
P_IV0_M101.12_M2 9;M2;33,87;-12,17125;0,017;-6,306625;0,019;24,40843722;15,42026848;;;;;;;;;;;;;;;;;
P_IV0_M101.12_M2 10;M2;30,09;-11,90625;0,015;-6,577625;0,019;24,12906061;15,1464794;;;;;;;;;;;;;;;;;
P_IV0_M101.12_M2 11;M2;25,22;-12,41225;0,021;-6,360625;0,027;24,35276808;15,36571272;;;;;;;;;;;;;;;;;
P_IV0_M101.12_M2 12;M2;21,5;-12,29925;0,013;-6,952625;0,02;23,74246936;14,76761997;;;;;;;;;;;;;;;;;
P_IV0_M101.12_M2 13;M2;18,19;-11,95525;0,011;-7,179625;0,024;23,50845279;14,53828374;;;;;;;;;;;;;;;;;
P_IV0_M101.12_M2 14;M2;14,45;-12,07225;0,018;-7,482625;0,016;23,19608706;14,23216532;;;;;;;;;;;;;;;;;
P_IV0_M101.12_M2 15;M2;11,04;-12,03725;0,019;-6,673625;0,023;24,03009325;15,04949139;;;;;;;;;;;;;;;;;
P_IV0_M101.12_M2 16;M2;7,04;-11,63725;0,015;-6,385625;0,037;24,32699533;15,34045542;;;;;;;;;;;;;;;;;
P.IV0_M101-13_M2 1;M2;75,21;-11,49985714;0,012;-6,234714286;0,034;24,4825707;15,49291928;;;;;;;;;;;;;;;;;
P.IV0_M101-13_M2 2;M2;73,04;-11,33285714;0,018;-6,357714286;0,024;24,35576877;15,36865339;;;;;;;;;;;;;;;;;
P.IV0_M101-13_M2 3;M2;70,98;-11,43085714;0,016;-6,578714286;0,019;24,12793766;15,1453789;;;;;;;;;;;;;;;;;
P.IV0_M101-13_M2 4;M2;68,79;-11,41185714;0,023;-7,033714286;0,022;23,65887361;14,68569613;;;;;;;;;;;;;;;;;
P.IV0_M101-13_M2 5;M2;66,47;-11,30785714;0,01;-7,113714286;0,03;23,57640081;14,60487279;;;;;;;;;;;;;;;;;
P.IV0_M101-13_M2 6;M2;64,13;-11,40285714;0,022;-7,576714286;0,017;23,09908948;14,13710769;;;;;;;;;;;;;;;;;
P.IV0_M101-13_M2 7;M2;61,59;-11,42985714;0,02;-7,265714286;0,023;23,41970249;14,45130844;;;;;;;;;;;;;;;;;
P.IV0_M101-13_M2 8;M2;58,74;-11,42485714;0,023;-7,094714286;0,012;23,5959881;14,62406833;;;;;;;;;;;;;;;;;
P.IV0_M101-13_M2 9;M2;55,9;-11,24785714;0,008;-6,702714286;0,02;24,00010482;15,02010272;;;;;;;;;;;;;;;;;
P.IV0_M101-13_M2 10;M2;53,07;-11,32185714;0,015;-6,678714286;0,025;24,02484666;15,04434972;;;;;;;;;;;;;;;;;
P.IV0_M101-13_M2 11;M2;50,3;-11,30285714;0,015;-6,418714286;0,022;24,29288326;15,30702559;;;;;;;;;;;;;;;;;
P.IV0_M101-13_M2 12;M2;47,55;-10,60885714;0,013;-6,266714286;0,021;24,44958158;15,46058994;;;;;;;;;;;;;;;;;
P.IV0_M101-13_M2 13;M2;44,7;-11,40385714;0,01;-5,985714286;0,032;24,73926729;15,74448194;;;;;;;;;;;;;;;;;
P.IV0_M101-13_M2 14;M2;41,6;-11,41785714;0,017;-6,021714286;0,029;24,70215453;15,70811144;;;;;;;;;;;;;;;;;
P.IV0_M101-13_M2 15;M2;38,81;-11,30685714;0,014;-6,239714286;0,018;24,47741615;15,48786782;;;;;;;;;;;;;;;;;
P.IV0_M101-13_M2 16;M2;36,08;-11,44285714;0,01;-6,766714286;0,042;23,93412658;14,95544404;;;;;;;;;;;;;;;;;
P.IV0_M101-13_M2 18;M2;30,48;-11,27185714;0,015;-6,769714286;0,015;23,93103385;14,95241317;;;;;;;;;;;;;;;;;
P.IV0_M101-13_M2 19;M2;27,81;-11,30985714;0,019;-7,139714286;0,027;23,54959715;14,5786052;;;;;;;;;;;;;;;;;
P.IV0_M101-13_M2 20;M2;24,68;-9,265857143;0,012;-7,653714286;0,034;23,01970941;14,05931522;;;;;;;;;;;;;;;;;
P.IV0_M101-13_M2 21;M2;22,64;-11,25785714;0,014;-7,571714286;0,021;23,10424403;14,14215915;;;;;;;;;;;;;;;;;
P.IV0_M101-13_M2 22;M2;20,09;-11,29885714;0,02;-6,860714286;0,007;23,83722104;14,86047662;;;;;;;;;;;;;;;;;
P.IV0_M101-13_M2 23;M2;17,85;-10,95385714;0,008;-6,412714286;0,033;24,29906872;15,31308734;;;;;;;;;;;;;;;;;
P.IV0_M101-13_M2 24;M2;14,96;-11,67485714;0,016;-6,328714286;0,036;24,38566516;15,39795185;;;;;;;;;;;;;;;;;
P.IV0_M101-13_M2 25;M2;12,05;-11,53885714;0,009;-6,144714286;0,02;24,5753526;15,58384554;;;;;;;;;;;;;;;;;
PIV0_Z125.533_M2 1;M2;83,12;-11,5085625;0,015;-5,5871875;0,026;25,15011253;16,14711028;;;;;;;;;;;;;;;;;
PIV0_Z125.533_M2 2;M2;79,58;-9,8665625;0,023;-5,4651875;0,014;25,27588355;16,27036588;;;;;;;;;;;;;;;;;
PIV0_Z125.533_M2 3;M2;76,11;-12,1815625;0,01;-6,3481875;0,02;24,36559002;15,37827822;;;;;;;;;;;;;;;;;
PIV0_Z125.533_M2 4;M2;72,62;-11,8595625;0,011;-6,5801875;0,015;24,1264189;15,14389053;;;;;;;;;;;;;;;;;
PIV0_Z125.533_M2 5;M2;69,13;-11,4735625;0,013;-6,4391875;0,014;24,27177721;15,28634167;;;;;;;;;;;;;;;;;
PIV0_Z125.533_M2 6;M2;65,3;-12,1255625;0,012;-7,0371875;0,008;23,65529303;14,68218717;;;;;;;;;;;;;;;;;
PIV0_Z125.533_M2 7;M2;61,06;-11,7705625;0,014;-7,1171875;0,012;23,57282023;14,60136383;;;;;;;;;;;;;;;;;
PIV0_Z125.533_M2 8;M2;57,65;-12,1615625;0,016;-7,2951875;0,017;23,38931825;14,42153189;;;;;;;;;;;;;;;;;
PIV0_Z125.533_M2 9;M2;53,95;-12,2435625;0,016;-6,8541875;0,016;23,84394956;14,86707057;;;;;;;;;;;;;;;;;
PIV0_Z125.533_M2 10;M2;50,01;-12,1785625;0,019;-6,5811875;0,037;24,12538799;15,14288023;;;;;;;;;;;;;;;;;
PIV0_Z125.533_M2 11;M2;45,82;-11,3245625;0,007;-5,8171875;0,026;24,91300323;15,91474317;;;;;;;;;;;;;;;;;
PIV0_Z125.533_M2 12;M2;43,08;-11,6375625;0,01;-5,8151875;0,019;24,91506505;15,91676375;;;;;;;;;;;;;;;;;
PIV0_Z125.533_M2 13;M2;39,05;-11,7415625;0,009;-5,9321875;0,025;24,79444858;15,79855961;;;;;;;;;;;;;;;;;
PIV0_Z125.533_M2 14;M2;35,37;-11,3265625;0,011;-5,9931875;0,026;24,73156307;15,73693181;;;;;;;;;;;;;;;;;
PIV0_Z125.533_M2 15;M2;30,85;-11,3725625;0,008;-5,8541875;0,013;24,87485956;15,87736237;;;;;;;;;;;;;;;;;
PIV0_Z125.533_M2 16;M2;27,53;-11,1005625;0,01;-5,9841875;0,021;24,74084126;15,74602444;;;;;;;;;;;;;;;;;
PIV0_Z125.533_M2 17;M2;23,42;-12,7915625;0,022;-7,3981875;0,03;23,28313452;14,31747183;;;;;;;;;;;;;;;;;
PIV0_Z125.533_M2 18;M2;19,2;-11,8975625;0,011;-7,3821875;0,017;23,29962908;14,3336365;;;;;;;;;;;;;;;;;
PIV0_Z125.533_M2 19;M2;15,6;-11,9835625;0,02;-7,2891875;0,024;23,39550371;14,42759364;;;;;;;;;;;;;;;;;
PIV0_Z125.533_M2 20;M2;11,8;-11,7475625;0,009;-7,2871875;0,036;23,39756553;14,42961422;;;;;;;;;;;;;;;;;
PIV0_Z125.533_M2 21;M2;8,46;-14,1545625;0,013;-7,2441875;0,036;23,44189466;14,47305677;;;;;;;;;;;;;;;;;
PIV0_Z125.533_M2 22;M2;4,17;-11,6755625;0,011;-7,7141875;0,013;22,95736696;13,99821963;;;;;;;;;;;;;;;;;
PIV0_Z124-41_M2 1;M2;62,07;-11,8908;0,015;-6,131;0,026;24,58949079;15,59770097;;;;;;;;;;;;;;;;;
PIV0_Z124-41_M2 2;M2;59,81;-11,7478;0,011;-6,486;0,019;24,22351774;15,23904739;;;;;;;;;;;;;;;;;
PIV0_Z124-41_M2 3;M2;56,02;-12,4638;0,021;-6,994;0,016;23,69981546;14,72581915;;;;;;;;;;;;;;;;;
PIV0_Z124-41_M2 4;M2;53,05;-11,8968;0,019;-6,799;0,023;23,90084291;14,92282605;;;;;;;;;;;;;;;;;
PIV0_Z124-41_M2 5;M2;49,15;-11,6798;0,011;-6,81;0,014;23,8895029;14,91171284;;;;;;;;;;;;;;;;;
PIV0_Z124-41_M2 6;M2;46,15;-11,6338;0,015;-6,935;0,022;23,76063915;14,78542637;;;;;;;;;;;;;;;;;
PIV0_Z124-41_M2 7;M2;43,57;-11,5538;0,011;-7,165;0,025;23,52352985;14,55305925;;;;;;;;;;;;;;;;;
PIV0_Z124-41_M2 8;M2;39,92;-11,6178;0,012;-7,01;0,013;23,6833209;14,70965448;;;;;;;;;;;;;;;;;
PIV0_Z124-41_M2 9;M2;36,64;-11,7288;0,022;-6,868;0,026;23,82971012;14,85311592;;;;;;;;;;;;;;;;;
PIV0_Z124-41_M2 10;M2;32,83;-11,9338;0,018;-6,387;0,011;24,32557783;15,33906627;;;;;;;;;;;;;;;;;
PIV0_Z124-41_M2 11;M2;29,74;-11,8578;0,016;-5,949;0,023;24,77711641;15,78157408;;;;;;;;;;;;;;;;;
PIV0_Z124-41_M2 12;M2;26,41;-11,7958;0,011;-5,697;0,023;25,03690573;16,03616762;;;;;;;;;;;;;;;;;
PIV0_Z124-41_M2 13;M2;23,33;-11,6338;0,014;-5,435;0,021;25,30700415;16,30086407;;;;;;;;;;;;;;;;;
PIV0_Z124-41_M2 14;M2;19,89;-11,4728;0,003;-6,15;0,02;24,5699035;15,57850543;;;;;;;;;;;;;;;;;
PIV0_Z124-41_M2 15;M2;16,61;-11,4208;0,015;-6,052;0,032;24,67093268;15,67751403;;;;;;;;;;;;;;;;;
PIV0_Z124-41_M2 16;M2;13,01;-12,3208;0,026;-6,258;0,036;24,45856522;15,46939392;;;;;;;;;;;;;;;;;
PIV0_Z124-41_M2 17;M2;9,65;-11,5928;0,025;-6,586;0,014;24,12042674;15,13801821;;;;;;;;;;;;;;;;;
PIV0_Z124-41_M2 18;M2;6,64;-10,9498;0,02;-6,63;0,02;24,0750667;15,09356537;;;;;;;;;;;;;;;;;
Fritsch_LR1_c4_eq 1;nd;67,41;-11,3391;0,024;-5,5265;0,015;25,21267589;16,20842237;;;;;;;;;;;;;;;;;
Fritsch_LR1_c4_eq 2;nd;64,51;-11,1751;0,021;-4,9205;0,016;25,83740735;16,8206592;;;;;;;;;;;;;;;;;
Fritsch_LR1_c4_eq 3;nd;61,32;-11,3441;0,007;-4,3445;0,026;26,43121151;17,40258727;;;;;;;;;;;;;;;;;
Fritsch_LR1_c4_eq 4;nd;58,01;-11,0241;0,011;-3,7505;0,036;27,04357205;18,0027006;;;;;;;;;;;;;;;;;
Fritsch_LR1_c4_eq 5;nd;54,55;-10,9581;0,005;-3,9255;0,027;26,8631628;17,82589954;;;;;;;;;;;;;;;;;
Fritsch_LR1_c4_eq 6;nd;50,85;-10,8741;0,013;-4,1105;0,023;26,67244445;17,63899556;;;;;;;;;;;;;;;;;
Fritsch_LR1_c4_eq 7;nd;46,68;-10,8891;0,021;-4,8045;0,012;25,95699291;16,93785305;;;;;;;;;;;;;;;;;
Fritsch_LR1_c4_eq 8;nd;42,53;-10,9771;0,014;-4,5675;0,01;26,20131858;17,1772922;;;;;;;;;;;;;;;;;
Fritsch_LR1_c4_eq 9;nd;38,58;-11,1071;0,017;-4,6315;0,035;26,13534034;17,11263353;;;;;;;;;;;;;;;;;
Fritsch_LR1_c4_eq 10;nd;35,25;-10,8831;0,009;-5,1365;0,025;25,61473079;16,60243617;;;;;;;;;;;;;;;;;
Fritsch_LR1_c4_eq 11;nd;31,03;-10,8111;0,016;-6,0615;0,007;24,66113904;15,66791625;;;;;;;;;;;;;;;;;
Fritsch_LR1_c4_eq 12;nd;27,02;-10,6661;0,011;-6,4825;0,021;24,22712593;15,24258341;;;;;;;;;;;;;;;;;
Fritsch_LR1_c4_eq 13;nd;22,86;-10,7231;0,022;-6,1605;0,021;24,55907895;15,56789737;;;;;;;;;;;;;;;;;
Fritsch_LR1_c4_eq 14;nd;18,99;-10,8441;0,015;-5,9295;0,028;24,79721916;15,80127477;;;;;;;;;;;;;;;;;
Fritsch_LR1_c4_eq 15;nd;14,84;-10,6401;0,013;-5,4965;0,035;25,24360319;16,23873112;;;;;;;;;;;;;;;;;
Fritsch_LR1_c4_eq 16;nd;11,08;-10,3841;0,011;-5,2995;0,02;25,44669246;16,43775861;;;;;;;;;;;;;;;;;
Fritsch_LR1_c4_eq 17;nd;6,86;-10,5031;0,01;-4,7475;0,033;26,01575478;16,99543968;;;;;;;;;;;;;;;;;
Fritsch_LR2_c4_eq 1;nd;90,4;-10,9681;0,017;-5,7127;0,031;25,02072044;16,02030603;;;;;;;;;;;;;;;;;
Fritsch_LR2_c4_eq 2;nd;86,36;-10,9671;0,016;-5,9987;0,021;24,72588018;15,73136258;;;;;;;;;;;;;;;;;
Fritsch_LR2_c4_eq 3;nd;82,3;-11,0251;0,016;-6,4137;0,011;24,29805253;15,31209148;;;;;;;;;;;;;;;;;
Fritsch_LR2_c4_eq 4;nd;78,36;-11,1291;0,017;-6,2537;0,015;24,46299813;15,47373817;;;;;;;;;;;;;;;;;
Fritsch_LR2_c4_eq 5;nd;74,35;-11,2671;0,021;-6,3437;0,017;24,37021623;15,38281191;;;;;;;;;;;;;;;;;
Fritsch_LR2_c4_eq 6;nd;70,79;-11,1531;0,016;-6,3507;0,023;24,36299986;15,37573987;;;;;;;;;;;;;;;;;
Fritsch_LR2_c4_eq 7;nd;66,8;-11,1701;0,013;-5,8747;0,031;24,85371302;15,85663876;;;;;;;;;;;;;;;;;
Fritsch_LR2_c4_eq 8;nd;63,15;-11,1701;0,01;-5,4107;0,035;25,33205526;16,32541416;;;;;;;;;;;;;;;;;
Fritsch_LR2_c4_eq 9;nd;59,42;-11,1261;0,011;-5,4467;0,023;25,2949425;16,28904365;;;;;;;;;;;;;;;;;
Fritsch_LR2_c4_eq 10;nd;55,71;-11,1921;0,016;-4,7907;0,015;25,97121946;16,95179507;;;;;;;;;;;;;;;;;
Fritsch_LR2_c4_eq 11;nd;51,62;-11,5891;0,014;-5,3687;0,026;25,37535348;16,36784641;;;;;;;;;;;;;;;;;
Fritsch_LR2_c4_eq 12;nd;47,48;-11,4341;0,015;-4,8657;0,032;25,89390121;16,87602319;;;;;;;;;;;;;;;;;
Fritsch_LR2_c4_eq 13;nd;43,8;-11,5861;0,01;-5,2177;0,014;25,53102089;16,52040048;;;;;;;;;;;;;;;;;
Fritsch_LR2_c4_eq 14;nd;40;-11,3501;0,018;-5,5057;0,033;25,23411881;16,22943644;;;;;;;;;;;;;;;;;
Fritsch_LR2_c4_eq 15;nd;34,27;-11,1721;0,012;-5,4247;0,029;25,31762252;16,31127007;;;;;;;;;;;;;;;;;
Fritsch_LR2_c4_eq 16;nd;30,4;-11,2271;0,013;-5,1997;0,021;25,54957727;16,53858573;;;;;;;;;;;;;;;;;
Fritsch_LR2_c4_eq 17;nd;26,6;-11,1321;0,014;-5,2467;0,028;25,5011245;16,49110201;;;;;;;;;;;;;;;;;
Fritsch_LR2_c4_eq 18;nd;22,54;-11,1501;0,019;-4,7207;0,022;26,04338316;17,0225155;;;;;;;;;;;;;;;;;
Fritsch_LR2_c4_eq 19;nd;19,06;-10,8541;0,014;-5,6507;0,034;25,08463686;16,08294413;;;;;;;;;;;;;;;;;
Fritsch_LR2_c4_eq 20;nd;15,19;-10,9141;0,024;-5,0887;0,032;25,66400828;16,65072812;;;;;;;;;;;;;;;;;
Fritsch_LR3_c5a_eq 1;P3;49,77;-10,8509;0,012;-4,5099;0,014;26,26069899;17,23548501;;;;;;;;;;;;;;;;;
Fritsch_LR3_c5a_eq 2;P3;46,11;-10,7409;0,014;-4,8639;0,028;25,89575685;16,87784171;;;;;;;;;;;;;;;;;
Fritsch_LR3_c5a_eq 3;P3;43,11;-10,2299;0,017;-5,9449;0,04;24,78134314;15,78571628;;;;;;;;;;;;;;;;;
Fritsch_LR3_c5a_eq 4;P3;39,42;-10,3609;0,014;-5,9029;0,04;24,82464136;15,82814853;;;;;;;;;;;;;;;;;
Fritsch_LR3_c5a_eq 5;P3;35,79;-10,5069;0,015;-5,8239;0,024;24,90608325;15,90796159;;;;;;;;;;;;;;;;;
Fritsch_LR3_c5a_eq 6;P3;31,75;-10,8119;0,015;-5,6389;0,031;25,0968016;16,09486557;;;;;;;;;;;;;;;;;
Fritsch_LR3_c5a_eq 7;P3;28,24;-10,9359;0,017;-5,6329;0,028;25,10298706;16,10092732;;;;;;;;;;;;;;;;;
Fritsch_LR3_c5a_eq 8;P3;24,46;-10,9419;0,013;-5,3099;0,018;25,43597099;16,42725157;;;;;;;;;;;;;;;;;
Fritsch_LR3_c5a_eq 9;P3;20,85;-10,5999;0,017;-5,4539;0,014;25,28751995;16,28176955;;;;;;;;;;;;;;;;;
Fritsch_LR3_c5a_eq 10;P3;16,77;-10,8999;0,021;-5,0729;0,018;25,68029666;16,66669073;;;;;;;;;;;;;;;;;
Fritsch_LR4_eq 1;nd;44,68;-11,0959;0,019;-5,4209;0,026;25,32153998;16,31510918;;;;;;;;;;;;;;;;;
Fritsch_LR4_eq 2;nd;41,15;-11,1929;0,022;-4,7369;0,053;26,02668242;17,00614877;;;;;;;;;;;;;;;;;
Fritsch_LR4_eq 3;nd;37,77;-11,1789;0,019;-5,1179;0,031;25,63390571;16,6212276;;;;;;;;;;;;;;;;;
Fritsch_LR4_eq 4;nd;34,28;-11,2549;0,015;-5,6449;0,033;25,09061614;16,08880382;;;;;;;;;;;;;;;;;
Fritsch_LR4_eq 5;nd;31,24;-10,6889;0,017;-6,2659;0,021;24,45042103;15,46141261;;;;;;;;;;;;;;;;;
Fritsch_LR4_eq 6;nd;27,44;-10,9799;0,024;-6,0969;0,031;24,62464482;15,63215192;;;;;;;;;;;;;;;;;
Fritsch_LR4_eq 7;nd;23,52;-11,0019;0,017;-6,0209;0,011;24,70299398;15,7089341;;;;;;;;;;;;;;;;;
Fritsch_LR4_eq 8;nd;19,86;-10,9929;0,024;-5,7159;0,02;25,01742153;16,0170731;;;;;;;;;;;;;;;;;
Fritsch_LR4_eq 9;nd;16,26;-10,3209;0,012;-6,2509;0,036;24,46588468;15,47656699;;;;;;;;;;;;;;;;;
Fritsch_LR4_eq 10;nd;13,23;-10,4519;0,015;-5,5989;0,033;25,138038;16,13527724;;;;;;;;;;;;;;;;;
Fritsch_LR4_eq 11;nd;9,94;-10,6119;0,019;-5,6589;0,027;25,0761834;16,07465973;;;;;;;;;;;;;;;;;
Fritsch_LR5_eq 1;nd;57,63;-11,1269;0,014;-4,3389;0,038;26,4369846;17,40824491;;;;;;;;;;;;;;;;;
Fritsch_LR5_eq 2;nd;54,2;-11,1089;0,007;-4,8239;0,025;25,93699325;16,91825339;;;;;;;;;;;;;;;;;
Fritsch_LR5_eq 3;nd;50,57;-10,8429;0,016;-4,7529;0,036;26,01018786;16,9899841;;;;;;;;;;;;;;;;;
Fritsch_LR5_eq 4;nd;47,04;-10,7299;0,021;-4,9219;0,021;25,83596407;16,81924479;;;;;;;;;;;;;;;;;
Fritsch_LR5_eq 5;nd;43,54;-10,9869;0,012;-5,1209;0,018;25,63081298;16,61819672;;;;;;;;;;;;;;;;;
Fritsch_LR5_eq 6;nd;39,74;-11,0289;0,008;-5,1209;0,033;25,63081298;16,61819672;;;;;;;;;;;;;;;;;
Fritsch_LR5_eq 7;nd;36;-11,0119;0,01;-4,9149;0,015;25,84318044;16,82631683;;;;;;;;;;;;;;;;;
Fritsch_LR5_eq 8;nd;32,1;-11,0119;0,01;-4,7989;0,028;25,962766;16,94351068;;;;;;;;;;;;;;;;;
Fritsch_LR5_eq 9;nd;28,13;-11,0969;0,011;-4,6069;0,025;26,16070072;17,13748671;;;;;;;;;;;;;;;;;
Fritsch_LR5_eq 10;nd;24,4;-11,3569;0,012;-4,8249;0,03;25,93596234;16,91724309;;;;;;;;;;;;;;;;;
Fritsch_LR5_eq 11;nd;20,54;-11,2749;0,029;-4,8569;0,031;25,90297322;16,88491376;;;;;;;;;;;;;;;;;
Fritsch_LR5_eq 12;nd;16,71;-10,9689;0,023;-5,6569;0,026;25,07824522;16,07668032;;;;;;;;;;;;;;;;;
Fritsch_LR5_eq 13;nd;12,76;-10,8989;0,014;-5,4989;0,028;25,241129;16,23630642;;;;;;;;;;;;;;;;;
Fritsch_LR5_eq 14;nd;8,43;-10,8679;0,012;-5,1909;0,031;25,55864928;16,5474763;;;;;;;;;;;;;;;;;
Fritsch_LR5_eq 15;nd;4,93;-10,7459;0,01;-4,9299;0,016;25,82771679;16,81116246;;;;;;;;;;;;;;;;;
Fritsch_LR6_c4_eq 1;M1/2;49,6;-11,145875;0,02;-6,41575;0,034;24,29593917;15,31002038;;;;;;;;;;;;;;;;;
Fritsch_LR6_c4_eq 2;M1/2;46,44;-11,033875;0,011;-6,54575;0,024;24,16192087;15,17868245;;;;;;;;;;;;;;;;;
Fritsch_LR6_c4_eq 3;M1/2;42,98;-10,985875;0,009;-6,79675;0,034;23,90316246;14,92509921;;;;;;;;;;;;;;;;;
Fritsch_LR6_c4_eq 4;M1/2;39,82;-10,965875;0,023;-7,03775;0,02;23,65471315;14,68161888;;;;;;;;;;;;;;;;;
Fritsch_LR6_c4_eq 5;M1/2;36,64;-11,038875;0,02;-6,85575;0,014;23,84233877;14,86549199;;;;;;;;;;;;;;;;;
Fritsch_LR6_c4_eq 6;M1/2;33,71;-11,127875;0,011;-5,86375;0,026;24,86500149;15,86770146;;;;;;;;;;;;;;;;;
Fritsch_LR6_c4_eq 7;M1/2;30,8;-11,092875;0,008;-5,73575;0,023;24,99695797;15,99701881;;;;;;;;;;;;;;;;;
Fritsch_LR6_c4_eq 8;M1/2;28;-11,343875;0,006;-5,72375;0,015;25,00932889;16,00914231;;;;;;;;;;;;;;;;;
Fritsch_LR6_c4_eq 9;M1/2;25,25;-11,359875;0,011;-5,66275;0,023;25,0722144;16,07077011;;;;;;;;;;;;;;;;;
Fritsch_LR6_c4_eq 10;M1/2;22,2;-11,292875;0,017;-5,34175;0,034;25,40313651;16,39507378;;;;;;;;;;;;;;;;;
Fritsch_LR6_c4_eq 11;M1/2;19,18;-11,209875;0,015;-5,06175;0,035;25,69179131;16,67795548;;;;;;;;;;;;;;;;;
Fritsch_LR6_c4_eq 12;M1/2;16,03;-11,063875;0,013;-4,80475;0,016;25,95673518;16,93760047;;;;;;;;;;;;;;;;;
Fritsch_LR6_c4_eq 13;M1/2;13,23;-11,123875;0,009;-4,74675;0,029;26,01652796;16,9961974;;;;;;;;;;;;;;;;;
Fritsch_LR6_c4_eq 14;M1/2;10,11;-11,115875;0,013;-4,60475;0,03;26,16291718;17,13965883;;;;;;;;;;;;;;;;;
Fritsch_LR6_c4_eq 15;M1/2;7,24;-11,087875;0,01;-5,19975;0,035;25,54952573;16,53853521;;;;;;;;;;;;;;;;;
Fritsch_LR6_c4_eq 16;M1/2;4,62;-11,194875;0,02;-4,72175;0,016;26,04230071;17,02145469;;;;;;;;;;;;;;;;;
Fritsch_LR7_c6_eq 1;P4;46,32;-11,180875;0,017;-5,48275;0,026;25,2577782;16,25262263;;;;;;;;;;;;;;;;;
Fritsch_LR7_c6_eq 2;P4;42,94;-11,132875;0,025;-4,97875;0,026;25,77735684;16,7618097;;;;;;;;;;;;;;;;;
Fritsch_LR7_c6_eq 3;P4;39,3;-11,362875;0,009;-4,54175;0,03;26,22786451;17,20330722;;;;;;;;;;;;;;;;;
Fritsch_LR7_c6_eq 4;P4;35,9;-11,286875;0,01;-3,99375;0,034;26,79280319;17,75694712;;;;;;;;;;;;;;;;;
Fritsch_LR7_c6_eq 5;P4;32,85;-11,357875;0,021;-3,82275;0,021;26,9690888;17,92970702;;;;;;;;;;;;;;;;;
Fritsch_LR7_c6_eq 6;P4;29,42;-11,444875;0,008;-3,91975;0,025;26,86909053;17,83170872;;;;;;;;;;;;;;;;;
Fritsch_LR7_c6_eq 7;P4;26,27;-11,548875;0,015;-4,43975;0,019;26,33301733;17,30635698;;;;;;;;;;;;;;;;;
Fritsch_LR7_c6_eq 8;P4;22,74;-11,617875;0,016;-4,43375;0,028;26,33920279;17,31241873;;;;;;;;;;;;;;;;;
Fritsch_LR7_c6_eq 9;P4;19,26;-11,541875;0,005;-5,19775;0,028;25,55158755;16,5405558;;;;;;;;;;;;;;;;;
Fritsch_LR7_c6_eq 10;P4;15,51;-11,372875;0,014;-6,36675;0,028;24,34645376;15,35952468;;;;;;;;;;;;;;;;;
Fritsch_LR7_c6_eq 11;P4;12,17;-11,426875;0,017;-6,86375;0,024;23,83409149;14,85740966;;;;;;;;;;;;;;;;;
Fritsch_LR7_c6_eq 12;P4;8,31;-11,290875;0,012;-6,95575;0,015;23,73924777;14,76446281;;;;;;;;;;;;;;;;;
Fritsch_LR7_c6_eq 13;P4;5,03;-11,426875;0,014;-6,92275;0,015;23,7732678;14,79780244;;;;;;;;;;;;;;;;;
Fritsch_LR8_equus 1;nd;61;-10,25583333;0,03;-4,6815;0,041;26,08379484;17,06211894;;;;;;;;;;;;;;;;;
Fritsch_LR8_equus 2;nd;58;-10,14183333;0,019;-4,7735;0,042;25,98895112;16,96917209;;;;;;;;;;;;;;;;;
Fritsch_LR8_equus 3;nd;56;-10,26383333;0,03;-4,9655;0,027;25,7910164;16,77519607;;;;;;;;;;;;;;;;;
Fritsch_LR8_equus 4;nd;53;-10,32383333;0,022;-4,8085;0,016;25,95286927;16,93381188;;;;;;;;;;;;;;;;;
Fritsch_LR8_equus 5;nd;51;-10,46483333;0,013;-4,9455;0,036;25,8116346;16,7954019;;;;;;;;;;;;;;;;;
Fritsch_LR8_equus 6;nd;49;-10,35683333;0,016;-5,3225;0,031;25,42298153;16,41452189;;;;;;;;;;;;;;;;;
Fritsch_LR8_equus 7;nd;46;-10,42883333;0,021;-5,6285;0,034;25,10752307;16,1053726;;;;;;;;;;;;;;;;;
Fritsch_LR8_equus 8;nd;42,5;-10,58883333;0,027;-6,7645;0,082;23,93640931;14,95768112;;;;;;;;;;;;;;;;;
Fritsch_LR8_equus 9;nd;40,5;-10,14383333;0,013;-6,1875;0,028;24,53124438;15,54061949;;;;;;;;;;;;;;;;;
Fritsch_LR8_equus 10;nd;39,5;-10,43083333;0,015;-6,2085;0,028;24,50959527;15,51940336;;;;;;;;;;;;;;;;;
Fritsch_LR8_equus 11;nd;37;-10,48383333;0,016;-6,1255;0,021;24,5951608;15,60325758;;;;;;;;;;;;;;;;;
Fritsch_LR8_equus 12;nd;35;-10,57483333;0,013;-6,2845;0,042;24,43124611;15,44262118;;;;;;;;;;;;;;;;;
Fritsch_LR8_equus 13;nd;32;-10,62483333;0,013;-6,0005;0,046;24,72402455;15,72954405;;;;;;;;;;;;;;;;;
Fritsch_LR8_equus 14;nd;30,5;-10,55083333;0,029;-5,8055;0,041;24,925052;15,92655096;;;;;;;;;;;;;;;;;
Fritsch_LR8_equus 15;nd;28;-10,82383333;0,026;-5,5775;0,037;25,16009948;16,15689749;;;;;;;;;;;;;;;;;
Fritsch_LR8_equus 16;nd;26;-11,00483333;0,02;-5,8365;0,027;24,89309379;15,89523191;;;;;;;;;;;;;;;;;
Fritsch_LR8_equus 17;nd;25;-10,87483333;0,022;-5,6395;0,028;25,09618306;16,09425939;;;;;;;;;;;;;;;;;
Fritsch_LR8_equus 18;nd;22;-10,73083333;0,015;-6,0945;0,034;24,62711901;15,63457662;;;;;;;;;;;;;;;;;
Fritsch_LR8_equus 19;nd;20;-10,58983333;0,009;-5,8165;0,041;24,91371199;15,91543775;;;;;;;;;;;;;;;;;
Fritsch_LR8_equus 20;nd;19;-10,73983333;0,022;-5,5975;0,028;25,13948128;16,13669165;;;;;;;;;;;;;;;;;
Fritsch_LR8_equus 21;nd;16;-10,75583333;0,026;-4,8745;0,025;25,88482921;16,86713262;;;;;;;;;;;;;;;;;
Fritsch_LR8_equus 22;nd;12,5;-10,36783333;0,015;-6,5375;0,016;24,17042588;15,18701736;;;;;;;;;;;;;;;;;
Fritsch_LR8_equus 23;nd;11;-10,38683333;0,027;-4,8845;0,025;25,87452011;16,8570297;;;;;;;;;;;;;;;;;
Fritsch_LR8_equus 24;nd;10;-10,32883333;0,01;-4,9365;0,021;25,82091279;16,80449453;;;;;;;;;;;;;;;;;
PIV20_Eq_L111 1;nd;59,72;-11,2963;0,009;-7,0241;0,032;23,66878507;14,69540937;;;;;;;;;;;;;;;;;
PIV20_Eq_L111 2;nd;57,12;-11,3583;0,012;-6,5591;0,029;24,14815822;15,16519505;;;;;;;;;;;;;;;;;
PIV20_Eq_L111 3;nd;54,06;-11,4613;0,008;-6,7371;0,021;23,96465624;14,98536311;;;;;;;;;;;;;;;;;
PIV20_Eq_L111 4;nd;51,17;-10,9703;0,022;-6,5411;0,015;24,1667146;15,18338031;;;;;;;;;;;;;;;;;
PIV20_Eq_L111 5;nd;48,21;-11,3923;0,013;-6,6141;0,03;24,09145817;15,10962901;;;;;;;;;;;;;;;;;
PIV20_Eq_L111 6;nd;45,52;-11,5513;0,009;-6,1021;0,035;24,61928409;15,62689841;;;;;;;;;;;;;;;;;
PIV20_Eq_L111 7;nd;42,78;-11,6743;0,019;-6,3541;0,022;24,35949477;15,37230487;;;;;;;;;;;;;;;;;
PIV20_Eq_L111 8;nd;40,15;-11,4453;0,025;-6,3451;0,023;24,36877296;15,3813975;;;;;;;;;;;;;;;;;
PIV20_Eq_L111 9;nd;37,3;-11,4593;0,023;-6,4361;0,044;24,27496015;15,28946095;;;;;;;;;;;;;;;;;
PIV20_Eq_L111 10;nd;34,05;-11,2513;0,024;-6,5641;0,024;24,14300367;15,1601436;;;;;;;;;;;;;;;;;
PIV20_Eq_L111 11;nd;30,74;-11,2123;0,015;-6,3581;0,027;24,35537113;15,36826371;;;;;;;;;;;;;;;;;
PIV20_Eq_L111 12;nd;27,14;-11,2483;0,016;-6,2211;0,032;24,4966058;15,50667368;;;;;;;;;;;;;;;;;
PIV20_Eq_L111 13;nd;24,18;-10,9973;0,013;-5,8881;0,013;24,83989883;15,84310085;;;;;;;;;;;;;;;;;
PIV20_Eq_L111 14;nd;21,02;-10,9073;0,02;-6,3921;0,026;24,32032019;15,33391379;;;;;;;;;;;;;;;;;
PIV20_Eq_L111 15;nd;17,16;-10,8453;0,019;-7,5991;0,022;23,07601182;14,11449158;;;;;;;;;;;;;;;;;
PIV20_Eq_L111 16;nd;13,2;-10,7713;0,01;-6,2631;0,042;24,45330758;15,46424143;;;;;;;;;;;;;;;;;
PIV20_Eq_W106 1;P3/4;76,36;-10,9083;0,024;-7,3671;0,034;23,31518294;14,34887928;;;;;;;;;;;;;;;;;
PIV20_Eq_W106 2;P3/4;72,8;-11,0253;0,008;-7,8301;0,023;22,83787161;13,88111418;;;;;;;;;;;;;;;;;
PIV20_Eq_W106 3;P3/4;69,25;-11,0833;0,015;-8,5901;0,013;22,05438001;13,11329241;;;;;;;;;;;;;;;;;
PIV20_Eq_W106 4;P3/4;65,68;-11,1243;0,024;-8,1151;0,015;22,54406226;13,59318101;;;;;;;;;;;;;;;;;
PIV20_Eq_W106 5;P3/4;61,98;-11,3063;0,021;-8,3051;0,019;22,34818936;13,40122557;;;;;;;;;;;;;;;;;
PIV20_Eq_W106 6;P3/4;58,07;-11,2673;0,021;-7,8381;0,034;22,82962433;13,87303184;;;;;;;;;;;;;;;;;
PIV20_Eq_W106 7;P3/4;54,41;-11,1223;0,021;-7,7251;0,019;22,94611716;13,98719482;;;;;;;;;;;;;;;;;
PIV20_Eq_W106 8;P3/4;50,97;-11,2543;0,018;-7,7161;0,033;22,95539535;13,99628744;;;;;;;;;;;;;;;;;
PIV20_Eq_W106 9;P3/4;47;-11,2003;0,011;-7,4511;0,021;23,2285865;14,26401477;;;;;;;;;;;;;;;;;
PIV20_Eq_W106 10;P3/4;43,5;-11,1213;0,015;-7,5291;0,02;23,14817552;14,18521201;;;;;;;;;;;;;;;;;
PIV20_Eq_W106 11;P3/4;39,43;-11,1903;0,018;-7,2601;0,04;23,42549031;14,4569805;;;;;;;;;;;;;;;;;
PIV20_Eq_W106 12;P3/4;35,13;-11,1853;0,01;-6,6661;0,039;24,03785085;15,05709383;;;;;;;;;;;;;;;;;
PIV20_Eq_W106 13;P3/4;30,8;-11,1603;0,019;-6,9971;0,016;23,69661964;14,72268725;;;;;;;;;;;;;;;;;
PIV20_Eq_W106 14;P3/4;26,88;-10,8823;0,015;-7,1021;0,009;23,58837409;14,61660661;;;;;;;;;;;;;;;;;
PIV20_Eq_W106 15;P3/4;23,13;-10,9193;0,023;-7,7241;0,026;22,94714807;13,98820511;;;;;;;;;;;;;;;;;
PIV20_Eq_W106 16;P3/4;18,93;-10,9913;0,016;-7,6171;0,027;23,05745544;14,09630633;;;;;;;;;;;;;;;;;
PIV20_Eq_W106 17;P3/4;14,87;-11,0613;0,019;-7,2301;0,01;23,45641761;14,48728926;;;;;;;;;;;;;;;;;
PIV20_Eq_W106 18;P3/4;10,54;-10,9293;0,018;-6,9701;0,031;23,72445421;14,74996512;;;;;;;;;;;;;;;;;
PIV20_Eq_W106 19;P3/4;6,5;-10,8063;0,018;-5,8571;0,021;24,87185704;15,8744199;;;;;;;;;;;;;;;;;
;;;;;;;;;;;;;;;;;;;;;;;;;
;;;;;;;;;;;;;;;;;;;;;;;;;
;;;;;;;;;;;;;;;;;;;;;;;;;
;;;;;;;;;;;;;;;;;;;;;;;;;
;;;;;;;;;;;;;;;;;;;;;;;;;
;;;;;;;;;;;;;;;;;;;;;;;;;
;;;;;;;;;;;;;;;;;;;;;;;;;
;;;;;;;;;;;;;;;;;;;;;;;;;
;;;;;;;;;;;;;;;;;;;;;;;;;
;;;;;;;;;;;;;;;;;;;;;;;;;
;;;;;;;;;;;;;;;;;;;;;;;;;
;;;;;;;;;;;;;;;;;;;;;;;;;
;;;;;;;;;;;;;;;;;;;;;;;;;
;;;;;;;;;;;;;;;;;;;;;;;;;
;;;;;;;;;;;;;;;;;;;;;;;;;
;;;;;;;;;;;;;;;;;;;;;;;;;
;;;;;;;;;;;;;;;;;;;;;;;;;
;;;;;;;;;;;;;;;;;;;;;;;;;
;;;;;;;;;;;;;;;;;;;;;;;;;
;;;;;;;;;;;;;;;;;;;;;;;;;
;;;;;;;;;;;;;;;;;;;;;;;;;
;;;;;;;;;;;;;;;;;;;;;;;;;
;;;;;;;;;;;;;;;;;;;;;;;;;
;;;;;;;;;;;;;;;;;;;;;;;;;
;;;;;;;;;;;;;;;;;;;;;;;;;
;;;;;;;;;;;;;;;;;;;;;;;;;
;;;;;;;;;;;;;;;;;;;;;;;;;
;;;;;;;;;;;;;;;;;;;;;;;;;
;;;;;;;;;;;;;;;;;;;;;;;;;
;;;;;;;;;;;;;;;;;;;;;;;;;
;;;;;;;;;;;;;;;;;;;;;;;;;
;;;;;;;;;;;;;;;;;;;;;;;;;
;;;;;;;;;;;;;;;;;;;;;;;;;
;;;;;;;;;;;;;;;;;;;;;;;;;
;;;;;;;;;;;;;;;;;;;;;;;;;
;;;;;;;;;;;;;;;;;;;;;;;;;
;;;;;;;;;;;;;;;;;;;;;;;;;
;;;;;;;;;;;;;;;;;;;;;;;;;
;;;;;;;;;;;;;;;;;;;;;;;;;
;;;;;;;;;;;;;;;;;;;;;;;;;
;;;;;;;;;;;;;;;;;;;;;;;;;
;;;;;;;;;;;;;;;;;;;;;;;;;
;;;;;;;;;;;;;;;;;;;;;;;;;
;;;;;;;;;;;;;;;;;;;;;;;;;
;;;;;;;;;;;;;;;;;;;;;;;;;
;;;;;;;;;;;;;;;;;;;;;;;;;
;;;;;;;;;;;;;;;;;;;;;;;;;
;;;;;;;;;;;;;;;;;;;;;;;;;
;;;;;;;;;;;;;;;;;;;;;;;;;
;;;;;;;;;;;;;;;;;;;;;;;;;
;;;;;;;;;;;;;;;;;;;;;;;;;
;;;;;;;;;;;;;;;;;;;;;;;;;
;;;;;;;;;;;;;;;;;;;;;;;;;
;;;;;;;;;;;;;;;;;;;;;;;;;
;;;;;;;;;;;;;;;;;;;;;;;;;
;;;;;;;;;;;;;;;;;;;;;;;;;
;;;;;;;;;;;;;;;;;;;;;;;;;
;;;;;;;;;;;;;;;;;;;;;;;;;
;;;;;;;;;;;;;;;;;;;;;;;;;
;;;;;;;;;;;;;;;;;;;;;;;;;
;;;;;;;;;;;;;;;;;;;;;;;;;
;;;;;;;;;;;;;;;;;;;;;;;;;
;;;;;;;;;;;;;;;;;;;;;;;;;
;;;;;;;;;;;;;;;;;;;;;;;;;
;;;;;;;;;;;;;;;;;;;;;;;;;
;;;;;;;;;;;;;;;;;;;;;;;;;
;;;;;;;;;;;;;;;;;;;;;;;;;
;;;;;;;;;;;;;;;;;;;;;;;;;
;;;;;;;;;;;;;;;;;;;;;;;;;
;;;;;;;;;;;;;;;;;;;;;;;;;
;;;;;;;;;;;;;;;;;;;;;;;;;
;;;;;;;;;;;;;;;;;;;;;;;;;
;;;;;;;;;;;;;;;;;;;;;;;;;
;;;;;;;;;;;;;;;;;;;;;;;;;
;;;;;;;;;;;;;;;;;;;;;;;;;
;;;;;;;;;;;;;;;;;;;;;;;;;
;;;;;;;;;;;;;;;;;;;;;;;;;
;;;;;;;;;;;;;;;;;;;;;;;;;
;;;;;;;;;;;;;;;;;;;;;;;;;
;;;;;;;;;;;;;;;;;;;;;;;;;
;;;;;;;;;;;;;;;;;;;;;;;;;
;;;;;;;;;;;;;;;;;;;;;;;;;
;;;;;;;;;;;;;;;;;;;;;;;;;
;;;;;;;;;;;;;;;;;;;;;;;;;
;;;;;;;;;;;;;;;;;;;;;;;;;
;;;;;;;;;;;;;;;;;;;;;;;;;
;;;;;;;;;;;;;;;;;;;;;;;;;
;;;;;;;;;;;;;;;;;;;;;;;;;
;;;;;;;;;;;;;;;;;;;;;;;;;
;;;;;;;;;;;;;;;;;;;;;;;;;
;;;;;;;;;;;;;;;;;;;;;;;;;
;;;;;;;;;;;;;;;;;;;;;;;;;
;;;;;;;;;;;;;;;;;;;;;;;;;
;;;;;;;;;;;;;;;;;;;;;;;;;
;;;;;;;;;;;;;;;;;;;;;;;;;
;;;;;;;;;;;;;;;;;;;;;;;;;
;;;;;;;;;;;;;;;;;;;;;;;;;
;;;;;;;;;;;;;;;;;;;;;;;;;
;;;;;;;;;;;;;;;;;;;;;;;;;
;;;;;;;;;;;;;;;;;;;;;;;;;
;;;;;;;;;;;;;;;;;;;;;;;;;
;;;;;;;;;;;;;;;;;;;;;;;;;
;;;;;;;;;;;;;;;;;;;;;;;;;
;;;;;;;;;;;;;;;;;;;;;;;;;
;;;;;;;;;;;;;;;;;;;;;;;;;
;;;;;;;;;;;;;;;;;;;;;;;;;
;;;;;;;;;;;;;;;;;;;;;;;;;
;;;;;;;;;;;;;;;;;;;;;;;;;
;;;;;;;;;;;;;;;;;;;;;;;;;
;;;;;;;;;;;;;;;;;;;;;;;;;
;;;;;;;;;;;;;;;;;;;;;;;;;
;;;;;;;;;;;;;;;;;;;;;;;;;
;;;;;;;;;;;;;;;;;;;;;;;;;
;;;;;;;;;;;;;;;;;;;;;;;;;
;;;;;;;;;;;;;;;;;;;;;;;;;
;;;;;;;;;;;;;;;;;;;;;;;;;
;;;;;;;;;;;;;;;;;;;;;;;;;
;;;;;;;;;;;;;;;;;;;;;;;;;
;;;;;;;;;;;;;;;;;;;;;;;;;
;;;;;;;;;;;;;;;;;;;;;;;;;
;;;;;;;;;;;;;;;;;;;;;;;;;
;;;;;;;;;;;;;;;;;;;;;;;;;
;;;;;;;;;;;;;;;;;;;;;;;;;
;;;;;;;;;;;;;;;;;;;;;;;;;
;;;;;;;;;;;;;;;;;;;;;;;;;
;;;;;;;;;;;;;;;;;;;;;;;;;
;;;;;;;;;;;;;;;;;;;;;;;;;
;;;;;;;;;;;;;;;;;;;;;;;;;
;;;;;;;;;;;;;;;;;;;;;;;;;
;;;;;;;;;;;;;;;;;;;;;;;;;
;;;;;;;;;;;;;;;;;;;;;;;;;
;;;;;;;;;;;;;;;;;;;;;;;;;
;;;;;;;;;;;;;;;;;;;;;;;;;
;;;;;;;;;;;;;;;;;;;;;;;;;
;;;;;;;;;;;;;;;;;;;;;;;;;
;;;;;;;;;;;;;;;;;;;;;;;;;
;;;;;;;;;;;;;;;;;;;;;;;;;
;;;;;;;;;;;;;;;;;;;;;;;;;
;;;;;;;;;;;;;;;;;;;;;;;;;
;;;;;;;;;;;;;;;;;;;;;;;;;
;;;;;;;;;;;;;;;;;;;;;;;;;
;;;;;;;;;;;;;;;;;;;;;;;;;
;;;;;;;;;;;;;;;;;;;;;;;;;
;;;;;;;;;;;;;;;;;;;;;;;;;
;;;;;;;;;;;;;;;;;;;;;;;;;
;;;;;;;;;;;;;;;;;;;;;;;;;
;;;;;;;;;;;;;;;;;;;;;;;;;
;;;;;;;;;;;;;;;;;;;;;;;;;
;;;;;;;;;;;;;;;;;;;;;;;;;
;;;;;;;;;;;;;;;;;;;;;;;;;
;;;;;;;;;;;;;;;;;;;;;;;;;
;;;;;;;;;;;;;;;;;;;;;;;;;
;;;;;;;;;;;;;;;;;;;;;;;;;
;;;;;;;;;;;;;;;;;;;;;;;;;
;;;;;;;;;;;;;;;;;;;;;;;;;
;;;;;;;;;;;;;;;;;;;;;;;;;
;;;;;;;;;;;;;;;;;;;;;;;;;
;;;;;;;;;;;;;;;;;;;;;;;;;
;;;;;;;;;;;;;;;;;;;;;;;;;
;;;;;;;;;;;;;;;;;;;;;;;;;
;;;;;;;;;;;;;;;;;;;;;;;;;
;;;;;;;;;;;;;;;;;;;;;;;;;
;;;;;;;;;;;;;;;;;;;;;;;;;
;;;;;;;;;;;;;;;;;;;;;;;;;
;;;;;;;;;;;;;;;;;;;;;;;;;
;;;;;;;;;;;;;;;;;;;;;;;;;
;;;;;;;;;;;;;;;;;;;;;;;;;
;;;;;;;;;;;;;;;;;;;;;;;;;
;;;;;;;;;;;;;;;;;;;;;;;;;
;;;;;;;;;;;;;;;;;;;;;;;;;
;;;;;;;;;;;;;;;;;;;;;;;;;
;;;;;;;;;;;;;;;;;;;;;;;;;
;;;;;;;;;;;;;;;;;;;;;;;;;
;;;;;;;;;;;;;;;;;;;;;;;;;
;;;;;;;;;;;;;;;;;;;;;;;;;
;;;;;;;;;;;;;;;;;;;;;;;;;
;;;;;;;;;;;;;;;;;;;;;;;;;
;;;;;;;;;;;;;;;;;;;;;;;;;
;;;;;;;;;;;;;;;;;;;;;;;;;
;;;;;;;;;;;;;;;;;;;;;;;;;
;;;;;;;;;;;;;;;;;;;;;;;;;
;;;;;;;;;;;;;;;;;;;;;;;;;
;;;;;;;;;;;;;;;;;;;;;;;;;
;;;;;;;;;;;;;;;;;;;;;;;;;
;;;;;;;;;;;;;;;;;;;;;;;;;
;;;;;;;;;;;;;;;;;;;;;;;;;
;;;;;;;;;;;;;;;;;;;;;;;;;
;;;;;;;;;;;;;;;;;;;;;;;;;
;;;;;;;;;;;;;;;;;;;;;;;;;
;;;;;;;;;;;;;;;;;;;;;;;;;
;;;;;;;;;;;;;;;;;;;;;;;;;
;;;;;;;;;;;;;;;;;;;;;;;;;
;;;;;;;;;;;;;;;;;;;;;;;;;
;;;;;;;;;;;;;;;;;;;;;;;;;
;;;;;;;;;;;;;;;;;;;;;;;;;
;;;;;;;;;;;;;;;;;;;;;;;;;
;;;;;;;;;;;;;;;;;;;;;;;;;
;;;;;;;;;;;;;;;;;;;;;;;;;
;;;;;;;;;;;;;;;;;;;;;;;;;
;;;;;;;;;;;;;;;;;;;;;;;;;
;;;;;;;;;;;;;;;;;;;;;;;;;
;;;;;;;;;;;;;;;;;;;;;;;;;
;;;;;;;;;;;;;;;;;;;;;;;;;
;;;;;;;;;;;;;;;;;;;;;;;;;
;;;;;;;;;;;;;;;;;;;;;;;;;
;;;;;;;;;;;;;;;;;;;;;;;;;
;;;;;;;;;;;;;;;;;;;;;;;;;
;;;;;;;;;;;;;;;;;;;;;;;;;
;;;;;;;;;;;;;;;;;;;;;;;;;
;;;;;;;;;;;;;;;;;;;;;;;;;
;;;;;;;;;;;;;;;;;;;;;;;;;
;;;;;;;;;;;;;;;;;;;;;;;;;
;;;;;;;;;;;;;;;;;;;;;;;;;
;;;;;;;;;;;;;;;;;;;;;;;;;
;;;;;;;;;;;;;;;;;;;;;;;;;
;;;;;;;;;;;;;;;;;;;;;;;;;
;;;;;;;;;;;;;;;;;;;;;;;;;
;;;;;;;;;;;;;;;;;;;;;;;;;
;;;;;;;;;;;;;;;;;;;;;;;;;
;;;;;;;;;;;;;;;;;;;;;;;;;
;;;;;;;;;;;;;;;;;;;;;;;;;
;;;;;;;;;;;;;;;;;;;;;;;;;
;;;;;;;;;;;;;;;;;;;;;;;;;
;;;;;;;;;;;;;;;;;;;;;;;;;
;;;;;;;;;;;;;;;;;;;;;;;;;
;;;;;;;;;;;;;;;;;;;;;;;;;
;;;;;;;;;;;;;;;;;;;;;;;;;
;;;;;;;;;;;;;;;;;;;;;;;;;
;;;;;;;;;;;;;;;;;;;;;;;;;
;;;;;;;;;;;;;;;;;;;;;;;;;
;;;;;;;;;;;;;;;;;;;;;;;;;
;;;;;;;;;;;;;;;;;;;;;;;;;
;;;;;;;;;;;;;;;;;;;;;;;;;
;;;;;;;;;;;;;;;;;;;;;;;;;
;;;;;;;;;;;;;;;;;;;;;;;;;
;;;;;;;;;;;;;;;;;;;;;;;;;
;;;;;;;;;;;;;;;;;;;;;;;;;
;;;;;;;;;;;;;;;;;;;;;;;;;
;;;;;;;;;;;;;;;;;;;;;;;;;
;;;;;;;;;;;;;;;;;;;;;;;;;
;;;;;;;;;;;;;;;;;;;;;;;;;
;;;;;;;;;;;;;;;;;;;;;;;;;
;;;;;;;;;;;;;;;;;;;;;;;;;
;;;;;;;;;;;;;;;;;;;;;;;;;
;;;;;;;;;;;;;;;;;;;;;;;;;
;;;;;;;;;;;;;;;;;;;;;;;;;
;;;;;;;;;;;;;;;;;;;;;;;;;
;;;;;;;;;;;;;;;;;;;;;;;;;
;;;;;;;;;;;;;;;;;;;;;;;;;
;;;;;;;;;;;;;;;;;;;;;;;;;
;;;;;;;;;;;;;;;;;;;;;;;;;
;;;;;;;;;;;;;;;;;;;;;;;;;
;;;;;;;;;;;;;;;;;;;;;;;;;
;;;;;;;;;;;;;;;;;;;;;;;;;
;;;;;;;;;;;;;;;;;;;;;;;;;
;;;;;;;;;;;;;;;;;;;;;;;;;
;;;;;;;;;;;;;;;;;;;;;;;;;
;;;;;;;;;;;;;;;;;;;;;;;;;
;;;;;;;;;;;;;;;;;;;;;;;;;
;;;;;;;;;;;;;;;;;;;;;;;;;
;;;;;;;;;;;;;;;;;;;;;;;;;
;;;;;;;;;;;;;;;;;;;;;;;;;
;;;;;;;;;;;;;;;;;;;;;;;;;
;;;;;;;;;;;;;;;;;;;;;;;;;
;;;;;;;;;;;;;;;;;;;;;;;;;
;;;;;;;;;;;;;;;;;;;;;;;;;
;;;;;;;;;;;;;;;;;;;;;;;;;
;;;;;;;;;;;;;;;;;;;;;;;;;
;;;;;;;;;;;;;;;;;;;;;;;;;
;;;;;;;;;;;;;;;;;;;;;;;;;
;;;;;;;;;;;;;;;;;;;;;;;;;
;;;;;;;;;;;;;;;;;;;;;;;;;
;;;;;;;;;;;;;;;;;;;;;;;;;
;;;;;;;;;;;;;;;;;;;;;;;;;
;;;;;;;;;;;;;;;;;;;;;;;;;
;;;;;;;;;;;;;;;;;;;;;;;;;
;;;;;;;;;;;;;;;;;;;;;;;;;
;;;;;;;;;;;;;;;;;;;;;;;;;
;;;;;;;;;;;;;;;;;;;;;;;;;
;;;;;;;;;;;;;;;;;;;;;;;;;
;;;;;;;;;;;;;;;;;;;;;;;;;
;;;;;;;;;;;;;;;;;;;;;;;;;
;;;;;;;;;;;;;;;;;;;;;;;;;
;;;;;;;;;;;;;;;;;;;;;;;;;
;;;;;;;;;;;;;;;;;;;;;;;;;
;;;;;;;;;;;;;;;;;;;;;;;;;
;;;;;;;;;;;;;;;;;;;;;;;;;
;;;;;;;;;;;;;;;;;;;;;;;;;
;;;;;;;;;;;;;;;;;;;;;;;;;
;;;;;;;;;;;;;;;;;;;;;;;;;
;;;;;;;;;;;;;;;;;;;;;;;;;
;;;;;;;;;;;;;;;;;;;;;;;;;
;;;;;;;;;;;;;;;;;;;;;;;;;
;;;;;;;;;;;;;;;;;;;;;;;;;
;;;;;;;;;;;;;;;;;;;;;;;;;
;;;;;;;;;;;;;;;;;;;;;;;;;
;;;;;;;;;;;;;;;;;;;;;;;;;
;;;;;;;;;;;;;;;;;;;;;;;;;
;;;;;;;;;;;;;;;;;;;;;;;;;
;;;;;;;;;;;;;;;;;;;;;;;;;
;;;;;;;;;;;;;;;;;;;;;;;;;
;;;;;;;;;;;;;;;;;;;;;;;;;
;;;;;;;;;;;;;;;;;;;;;;;;;
;;;;;;;;;;;;;;;;;;;;;;;;;
;;;;;;;;;;;;;;;;;;;;;;;;;
;;;;;;;;;;;;;;;;;;;;;;;;;
;;;;;;;;;;;;;;;;;;;;;;;;;
;;;;;;;;;;;;;;;;;;;;;;;;;
;;;;;;;;;;;;;;;;;;;;;;;;;
;;;;;;;;;;;;;;;;;;;;;;;;;
;;;;;;;;;;;;;;;;;;;;;;;;;
;;;;;;;;;;;;;;;;;;;;;;;;;
;;;;;;;;;;;;;;;;;;;;;;;;;
;;;;;;;;;;;;;;;;;;;;;;;;;
;;;;;;;;;;;;;;;;;;;;;;;;;
;;;;;;;;;;;;;;;;;;;;;;;;;
;;;;;;;;;;;;;;;;;;;;;;;;;
;;;;;;;;;;;;;;;;;;;;;;;;;
;;;;;;;;;;;;;;;;;;;;;;;;;
;;;;;;;;;;;;;;;;;;;;;;;;;
;;;;;;;;;;;;;;;;;;;;;;;;;
;;;;;;;;;;;;;;;;;;;;;;;;;
;;;;;;;;;;;;;;;;;;;;;;;;;
;;;;;;;;;;;;;;;;;;;;;;;;;
;;;;;;;;;;;;;;;;;;;;;;;;;
;;;;;;;;;;;;;;;;;;;;;;;;;
;;;;;;;;;;;;;;;;;;;;;;;;;
;;;;;;;;;;;;;;;;;;;;;;;;;
;;;;;;;;;;;;;;;;;;;;;;;;;
;;;;;;;;;;;;;;;;;;;;;;;;;
;;;;;;;;;;;;;;;;;;;;;;;;;
;;;;;;;;;;;;;;;;;;;;;;;;;
;;;;;;;;;;;;;;;;;;;;;;;;;
;;;;;;;;;;;;;;;;;;;;;;;;;
;;;;;;;;;;;;;;;;;;;;;;;;;
;;;;;;;;;;;;;;;;;;;;;;;;;
;;;;;;;;;;;;;;;;;;;;;;;;;
;;;;;;;;;;;;;;;;;;;;;;;;;
;;;;;;;;;;;;;;;;;;;;;;;;;
;;;;;;;;;;;;;;;;;;;;;;;;;
;;;;;;;;;;;;;;;;;;;;;;;;;
;;;;;;;;;;;;;;;;;;;;;;;;;
;;;;;;;;;;;;;;;;;;;;;;;;;
;;;;;;;;;;;;;;;;;;;;;;;;;
;;;;;;;;;;;;;;;;;;;;;;;;;
;;;;;;;;;;;;;;;;;;;;;;;;;
;;;;;;;;;;;;;;;;;;;;;;;;;
;;;;;;;;;;;;;;;;;;;;;;;;;
;;;;;;;;;;;;;;;;;;;;;;;;;
;;;;;;;;;;;;;;;;;;;;;;;;;
;;;;;;;;;;;;;;;;;;;;;;;;;
;;;;;;;;;;;;;;;;;;;;;;;;;
;;;;;;;;;;;;;;;;;;;;;;;;;
;;;;;;;;;;;;;;;;;;;;;;;;;
;;;;;;;;;;;;;;;;;;;;;;;;;
;;;;;;;;;;;;;;;;;;;;;;;;;
;;;;;;;;;;;;;;;;;;;;;;;;;
;;;;;;;;;;;;;;;;;;;;;;;;;
;;;;;;;;;;;;;;;;;;;;;;;;;
;;;;;;;;;;;;;;;;;;;;;;;;;
;;;;;;;;;;;;;;;;;;;;;;;;;
;;;;;;;;;;;;;;;;;;;;;;;;;
;;;;;;;;;;;;;;;;;;;;;;;;;
;;;;;;;;;;;;;;;;;;;;;;;;;
;;;;;;;;;;;;;;;;;;;;;;;;;
;;;;;;;;;;;;;;;;;;;;;;;;;
;;;;;;;;;;;;;;;;;;;;;;;;;
;;;;;;;;;;;;;;;;;;;;;;;;;
;;;;;;;;;;;;;;;;;;;;;;;;;
;;;;;;;;;;;;;;;;;;;;;;;;;
;;;;;;;;;;;;;;;;;;;;;;;;;
;;;;;;;;;;;;;;;;;;;;;;;;;
;;;;;;;;;;;;;;;;;;;;;;;;;
;;;;;;;;;;;;;;;;;;;;;;;;;
;;;;;;;;;;;;;;;;;;;;;;;;;
;;;;;;;;;;;;;;;;;;;;;;;;;
;;;;;;;;;;;;;;;;;;;;;;;;;
;;;;;;;;;;;;;;;;;;;;;;;;;
;;;;;;;;;;;;;;;;;;;;;;;;;
;;;;;;;;;;;;;;;;;;;;;;;;;
;;;;;;;;;;;;;;;;;;;;;;;;;
;;;;;;;;;;;;;;;;;;;;;;;;;
;;;;;;;;;;;;;;;;;;;;;;;;;
;;;;;;;;;;;;;;;;;;;;;;;;;
;;;;;;;;;;;;;;;;;;;;;;;;;
;;;;;;;;;;;;;;;;;;;;;;;;;
;;;;;;;;;;;;;;;;;;;;;;;;;
;;;;;;;;;;;;;;;;;;;;;;;;;
;;;;;;;;;;;;;;;;;;;;;;;;;
;;;;;;;;;;;;;;;;;;;;;;;;;
;;;;;;;;;;;;;;;;;;;;;;;;;
;;;;;;;;;;;;;;;;;;;;;;;;;
;;;;;;;;;;;;;;;;;;;;;;;;;
;;;;;;;;;;;;;;;;;;;;;;;;;
;;;;;;;;;;;;;;;;;;;;;;;;;
;;;;;;;;;;;;;;;;;;;;;;;;;
;;;;;;;;;;;;;;;;;;;;;;;;;
;;;;;;;;;;;;;;;;;;;;;;;;;
;;;;;;;;;;;;;;;;;;;;;;;;;
;;;;;;;;;;;;;;;;;;;;;;;;;
;;;;;;;;;;;;;;;;;;;;;;;;;
;;;;;;;;;;;;;;;;;;;;;;;;;
;;;;;;;;;;;;;;;;;;;;;;;;;
;;;;;;;;;;;;;;;;;;;;;;;;;
;;;;;;;;;;;;;;;;;;;;;;;;;
;;;;;;;;;;;;;;;;;;;;;;;;;
;;;;;;;;;;;;;;;;;;;;;;;;;
;;;;;;;;;;;;;;;;;;;;;;;;;
;;;;;;;;;;;;;;;;;;;;;;;;;
;;;;;;;;;;;;;;;;;;;;;;;;;
;;;;;;;;;;;;;;;;;;;;;;;;;
;;;;;;;;;;;;;;;;;;;;;;;;;
;;;;;;;;;;;;;;;;;;;;;;;;;
;;;;;;;;;;;;;;;;;;;;;;;;;
;;;;;;;;;;;;;;;;;;;;;;;;;
;;;;;;;;;;;;;;;;;;;;;;;;;
;;;;;;;;;;;;;;;;;;;;;;;;;
;;;;;;;;;;;;;;;;;;;;;;;;;
;;;;;;;;;;;;;;;;;;;;;;;;;
;;;;;;;;;;;;;;;;;;;;;;;;;
;;;;;;;;;;;;;;;;;;;;;;;;;
;;;;;;;;;;;;;;;;;;;;;;;;;
;;;;;;;;;;;;;;;;;;;;;;;;;
;;;;;;;;;;;;;;;;;;;;;;;;;
;;;;;;;;;;;;;;;;;;;;;;;;;
;;;;;;;;;;;;;;;;;;;;;;;;;
;;;;;;;;;;;;;;;;;;;;;;;;;
;;;;;;;;;;;;;;;;;;;;;;;;;
;;;;;;;;;;;;;;;;;;;;;;;;;
;;;;;;;;;;;;;;;;;;;;;;;;;
;;;;;;;;;;;;;;;;;;;;;;;;;
;;;;;;;;;;;;;;;;;;;;;;;;;
;;;;;;;;;;;;;;;;;;;;;;;;;
;;;;;;;;;;;;;;;;;;;;;;;;;
;;;;;;;;;;;;;;;;;;;;;;;;;
;;;;;;;;;;;;;;;;;;;;;;;;;
;;;;;;;;;;;;;;;;;;;;;;;;;
;;;;;;;;;;;;;;;;;;;;;;;;;
;;;;;;;;;;;;;;;;;;;;;;;;;
;;;;;;;;;;;;;;;;;;;;;;;;;
;;;;;;;;;;;;;;;;;;;;;;;;;
;;;;;;;;;;;;;;;;;;;;;;;;;
;;;;;;;;;;;;;;;;;;;;;;;;;
;;;;;;;;;;;;;;;;;;;;;;;;;
;;;;;;;;;;;;;;;;;;;;;;;;;
;;;;;;;;;;;;;;;;;;;;;;;;;
;;;;;;;;;;;;;;;;;;;;;;;;;
;;;;;;;;;;;;;;;;;;;;;;;;;
;;;;;;;;;;;;;;;;;;;;;;;;;
;;;;;;;;;;;;;;;;;;;;;;;;;
;;;;;;;;;;;;;;;;;;;;;;;;;
;;;;;;;;;;;;;;;;;;;;;;;;;
;;;;;;;;;;;;;;;;;;;;;;;;;
;;;;;;;;;;;;;;;;;;;;;;;;;
;;;;;;;;;;;;;;;;;;;;;;;;;
;;;;;;;;;;;;;;;;;;;;;;;;;
;;;;;;;;;;;;;;;;;;;;;;;;;
;;;;;;;;;;;;;;;;;;;;;;;;;
;;;;;;;;;;;;;;;;;;;;;;;;;
;;;;;;;;;;;;;;;;;;;;;;;;;
;;;;;;;;;;;;;;;;;;;;;;;;;
;;;;;;;;;;;;;;;;;;;;;;;;;
;;;;;;;;;;;;;;;;;;;;;;;;;
;;;;;;;;;;;;;;;;;;;;;;;;;
;;;;;;;;;;;;;;;;;;;;;;;;;
;;;;;;;;;;;;;;;;;;;;;;;;;
;;;;;;;;;;;;;;;;;;;;;;;;;
;;;;;;;;;;;;;;;;;;;;;;;;;
;;;;;;;;;;;;;;;;;;;;;;;;;
;;;;;;;;;;;;;;;;;;;;;;;;;
;;;;;;;;;;;;;;;;;;;;;;;;;
;;;;;;;;;;;;;;;;;;;;;;;;;
;;;;;;;;;;;;;;;;;;;;;;;;;
;;;;;;;;;;;;;;;;;;;;;;;;;
;;;;;;;;;;;;;;;;;;;;;;;;;
;;;;;;;;;;;;;;;;;;;;;;;;;
;;;;;;;;;;;;;;;;;;;;;;;;;
;;;;;;;;;;;;;;;;;;;;;;;;;
;;;;;;;;;;;;;;;;;;;;;;;;;
;;;;;;;;;;;;;;;;;;;;;;;;;
;;;;;;;;;;;;;;;;;;;;;;;;;
;;;;;;;;;;;;;;;;;;;;;;;;;
;;;;;;;;;;;;;;;;;;;;;;;;;
;;;;;;;;;;;;;;;;;;;;;;;;;
;;;;;;;;;;;;;;;;;;;;;;;;;
;;;;;;;;;;;;;;;;;;;;;;;;;
;;;;;;;;;;;;;;;;;;;;;;;;;
;;;;;;;;;;;;;;;;;;;;;;;;;
;;;;;;;;;;;;;;;;;;;;;;;;;
;;;;;;;;;;;;;;;;;;;;;;;;;
;;;;;;;;;;;;;;;;;;;;;;;;;
;;;;;;;;;;;;;;;;;;;;;;;;;
;;;;;;;;;;;;;;;;;;;;;;;;;
;;;;;;;;;;;;;;;;;;;;;;;;;
;;;;;;;;;;;;;;;;;;;;;;;;;
;;;;;;;;;;;;;;;;;;;;;;;;;
;;;;;;;;;;;;;;;;;;;;;;;;;
;;;;;;;;;;;;;;;;;;;;;;;;;
;;;;;;;;;;;;;;;;;;;;;;;;;
;;;;;;;;;;;;;;;;;;;;;;;;;
;;;;;;;;;;;;;;;;;;;;;;;;;
;;;;;;;;;;;;;;;;;;;;;;;;;
;;;;;;;;;;;;;;;;;;;;;;;;;
;;;;;;;;;;;;;;;;;;;;;;;;;
;;;;;;;;;;;;;;;;;;;;;;;;;
;;;;;;;;;;;;;;;;;;;;;;;;;
;;;;;;;;;;;;;;;;;;;;;;;;;
;;;;;;;;;;;;;;;;;;;;;;;;;
;;;;;;;;;;;;;;;;;;;;;;;;;
;;;;;;;;;;;;;;;;;;;;;;;;;
;;;;;;;;;;;;;;;;;;;;;;;;;
;;;;;;;;;;;;;;;;;;;;;;;;;
;;;;;;;;;;;;;;;;;;;;;;;;;
;;;;;;;;;;;;;;;;;;;;;;;;;
;;;;;;;;;;;;;;;;;;;;;;;;;
;;;;;;;;;;;;;;;;;;;;;;;;;
;;;;;;;;;;;;;;;;;;;;;;;;;
;;;;;;;;;;;;;;;;;;;;;;;;;
;;;;;;;;;;;;;;;;;;;;;;;;;
;;;;;;;;;;;;;;;;;;;;;;;;;
;;;;;;;;;;;;;;;;;;;;;;;;;
;;;;;;;;;;;;;;;;;;;;;;;;;
;;;;;;;;;;;;;;;;;;;;;;;;;
;;;;;;;;;;;;;;;;;;;;;;;;;
;;;;;;;;;;;;;;;;;;;;;;;;;
;;;;;;;;;;;;;;;;;;;;;;;;;
;;;;;;;;;;;;;;;;;;;;;;;;;
;;;;;;;;;;;;;;;;;;;;;;;;;
;;;;;;;;;;;;;;;;;;;;;;;;;
;;;;;;;;;;;;;;;;;;;;;;;;;
;;;;;;;;;;;;;;;;;;;;;;;;;
;;;;;;;;;;;;;;;;;;;;;;;;;
;;;;;;;;;;;;;;;;;;;;;;;;;
;;;;;;;;;;;;;;;;;;;;;;;;;
;;;;;;;;;;;;;;;;;;;;;;;;;
;;;;;;;;;;;;;;;;;;;;;;;;;
;;;;;;;;;;;;;;;;;;;;;;;;;
;;;;;;;;;;;;;;;;;;;;;;;;;
;;;;;;;;;;;;;;;;;;;;;;;;;
;;;;;;;;;;;;;;;;;;;;;;;;;
;;;;;;;;;;;;;;;;;;;;;;;;;
;;;;;;;;;;;;;;;;;;;;;;;;;
;;;;;;;;;;;;;;;;;;;;;;;;;
;;;;;;;;;;;;;;;;;;;;;;;;;
;;;;;;;;;;;;;;;;;;;;;;;;;
;;;;;;;;;;;;;;;;;;;;;;;;;
;;;;;;;;;;;;;;;;;;;;;;;;;
;;;;;;;;;;;;;;;;;;;;;;;;;
;;;;;;;;;;;;;;;;;;;;;;;;;
;;;;;;;;;;;;;;;;;;;;;;;;;
;;;;;;;;;;;;;;;;;;;;;;;;;
;;;;;;;;;;;;;;;;;;;;;;;;;
;;;;;;;;;;;;;;;;;;;;;;;;;
;;;;;;;;;;;;;;;;;;;;;;;;;
;;;;;;;;;;;;;;;;;;;;;;;;;
;;;;;;;;;;;;;;;;;;;;;;;;;
;;;;;;;;;;;;;;;;;;;;;;;;;
;;;;;;;;;;;;;;;;;;;;;;;;;
;;;;;;;;;;;;;;;;;;;;;;;;;
;;;;;;;;;;;;;;;;;;;;;;;;;
;;;;;;;;;;;;;;;;;;;;;;;;;
;;;;;;;;;;;;;;;;;;;;;;;;;
;;;;;;;;;;;;;;;;;;;;;;;;;
;;;;;;;;;;;;;;;;;;;;;;;;;
;;;;;;;;;;;;;;;;;;;;;;;;;
;;;;;;;;;;;;;;;;;;;;;;;;;
;;;;;;;;;;;;;;;;;;;;;;;;;
;;;;;;;;;;;;;;;;;;;;;;;;;
;;;;;;;;;;;;;;;;;;;;;;;;;
;;;;;;;;;;;;;;;;;;;;;;;;;
;;;;;;;;;;;;;;;;;;;;;;;;;
;;;;;;;;;;;;;;;;;;;;;;;;;
;;;;;;;;;;;;;;;;;;;;;;;;;
;;;;;;;;;;;;;;;;;;;;;;;;;
;;;;;;;;;;;;;;;;;;;;;;;;;
;;;;;;;;;;;;;;;;;;;;;;;;;
;;;;;;;;;;;;;;;;;;;;;;;;;
;;;;;;;;;;;;;;;;;;;;;;;;;
;;;;;;;;;;;;;;;;;;;;;;;;;
;;;;;;;;;;;;;;;;;;;;;;;;;
;;;;;;;;;;;;;;;;;;;;;;;;;
;;;;;;;;;;;;;;;;;;;;;;;;;
;;;;;;;;;;;;;;;;;;;;;;;;;
;;;;;;;;;;;;;;;;;;;;;;;;;
;;;;;;;;;;;;;;;;;;;;;;;;;
;;;;;;;;;;;;;;;;;;;;;;;;;
;;;;;;;;;;;;;;;;;;;;;;;;;
;;;;;;;;;;;;;;;;;;;;;;;;;
;;;;;;;;;;;;;;;;;;;;;;;;;
;;;;;;;;;;;;;;;;;;;;;;;;;
;;;;;;;;;;;;;;;;;;;;;;;;;
;;;;;;;;;;;;;;;;;;;;;;;;;
;;;;;;;;;;;;;;;;;;;;;;;;;
;;;;;;;;;;;;;;;;;;;;;;;;;
;;;;;;;;;;;;;;;;;;;;;;;;;
;;;;;;;;;;;;;;;;;;;;;;;;;
;;;;;;;;;;;;;;;;;;;;;;;;;
;;;;;;;;;;;;;;;;;;;;;;;;;
;;;;;;;;;;;;;;;;;;;;;;;;;
;;;;;;;;;;;;;;;;;;;;;;;;;
;;;;;;;;;;;;;;;;;;;;;;;;;
;;;;;;;;;;;;;;;;;;;;;;;;;
;;;;;;;;;;;;;;;;;;;;;;;;;
;;;;;;;;;;;;;;;;;;;;;;;;;
;;;;;;;;;;;;;;;;;;;;;;;;;
;;;;;;;;;;;;;;;;;;;;;;;;;
;;;;;;;;;;;;;;;;;;;;;;;;;
;;;;;;;;;;;;;;;;;;;;;;;;;
;;;;;;;;;;;;;;;;;;;;;;;;;
;;;;;;;;;;;;;;;;;;;;;;;;;
;;;;;;;;;;;;;;;;;;;;;;;;;
;;;;;;;;;;;;;;;;;;;;;;;;;
;;;;;;;;;;;;;;;;;;;;;;;;;
;;;;;;;;;;;;;;;;;;;;;;;;;
;;;;;;;;;;;;;;;;;;;;;;;;;
;;;;;;;;;;;;;;;;;;;;;;;;;
;;;;;;;;;;;;;;;;;;;;;;;;;
;;;;;;;;;;;;;;;;;;;;;;;;;
;;;;;;;;;;;;;;;;;;;;;;;;;
;;;;;;;;;;;;;;;;;;;;;;;;;
;;;;;;;;;;;;;;;;;;;;;;;;;
;;;;;;;;;;;;;;;;;;;;;;;;;
;;;;;;;;;;;;;;;;;;;;;;;;;
;;;;;;;;;;;;;;;;;;;;;;;;;
;;;;;;;;;;;;;;;;;;;;;;;;;
;;;;;;;;;;;;;;;;;;;;;;;;;
;;;;;;;;;;;;;;;;;;;;;;;;;
;;;;;;;;;;;;;;;;;;;;;;;;;
;;;;;;;;;;;;;;;;;;;;;;;;;
;;;;;;;;;;;;;;;;;;;;;;;;;
;;;;;;;;;;;;;;;;;;;;;;;;;
;;;;;;;;;;;;;;;;;;;;;;;;;
;;;;;;;;;;;;;;;;;;;;;;;;;
;;;;;;;;;;;;;;;;;;;;;;;;;
;;;;;;;;;;;;;;;;;;;;;;;;;
;;;;;;;;;;;;;;;;;;;;;;;;;
;;;;;;;;;;;;;;;;;;;;;;;;;
;;;;;;;;;;;;;;;;;;;;;;;;;
;;;;;;;;;;;;;;;;;;;;;;;;;
;;;;;;;;;;;;;;;;;;;;;;;;;
;;;;;;;;;;;;;;;;;;;;;;;;;
;;;;;;;;;;;;;;;;;;;;;;;;;
;;;;;;;;;;;;;;;;;;;;;;;;;
;;;;;;;;;;;;;;;;;;;;;;;;;
;;;;;;;;;;;;;;;;;;;;;;;;;
;;;;;;;;;;;;;;;;;;;;;;;;;
;;;;;;;;;;;;;;;;;;;;;;;;;
;;;;;;;;;;;;;;;;;;;;;;;;;
;;;;;;;;;;;;;;;;;;;;;;;;;
;;;;;;;;;;;;;;;;;;;;;;;;;
;;;;;;;;;;;;;;;;;;;;;;;;;
;;;;;;;;;;;;;;;;;;;;;;;;;
;;;;;;;;;;;;;;;;;;;;;;;;;
;;;;;;;;;;;;;;;;;;;;;;;;;
;;;;;;;;;;;;;;;;;;;;;;;;;
;;;;;;;;;;;;;;;;;;;;;;;;;
;;;;;;;;;;;;;;;;;;;;;;;;;
;;;;;;;;;;;;;;;;;;;;;;;;;
;;;;;;;;;;;;;;;;;;;;;;;;;
;;;;;;;;;;;;;;;;;;;;;;;;;
;;;;;;;;;;;;;;;;;;;;;;;;;
;;;;;;;;;;;;;;;;;;;;;;;;;
;;;;;;;;;;;;;;;;;;;;;;;;;
;;;;;;;;;;;;;;;;;;;;;;;;;
;;;;;;;;;;;;;;;;;;;;;;;;;
;;;;;;;;;;;;;;;;;;;;;;;;;
;;;;;;;;;;;;;;;;;;;;;;;;;
;;;;;;;;;;;;;;;;;;;;;;;;;
;;;;;;;;;;;;;;;;;;;;;;;;;
;;;;;;;;;;;;;;;;;;;;;;;;;
;;;;;;;;;;;;;;;;;;;;;;;;;
;;;;;;;;;;;;;;;;;;;;;;;;;
;;;;;;;;;;;;;;;;;;;;;;;;;